datetime,cumulative_total,hourly_usage
2025-10-24 08:00:00,159.975,-0.101
2025-10-24 09:00:00,159.897,-0.078
2025-10-24 10:00:00,159.842,-0.055
2025-10-24 11:00:00,159.809,-0.032
2025-10-24 12:00:00,159.799,-0.010
2025-10-24 13:00:00,159.811,0.012
2025-10-24 14:00:00,159.844,0.033
2025-10-24 15:00:00,159.899,0.054
2025-10-24 16:00:00,159.974,0.075
2025-10-24 17:00:00,160.070,0.096
2025-10-24 18:00:00,160.186,0.116
2025-10-24 19:00:00,160.322,0.136
2025-10-24 20:00:00,160.477,0.155
2025-10-24 21:00:00,160.652,0.174
2025-10-24 22:00:00,160.845,0.193
2025-10-24 23:00:00,161.057,0.212
2025-10-25 00:00:00,161.286,0.230
2025-10-25 01:00:00,161.534,0.248
2025-10-25 02:00:00,161.799,0.265
2025-10-25 03:00:00,162.081,0.282
2025-10-25 04:00:00,162.380,0.299
2025-10-25 05:00:00,162.695,0.315
2025-10-25 06:00:00,163.026,0.331
2025-10-25 07:00:00,163.373,0.347
2025-10-25 08:00:00,163.735,0.362
2025-10-25 09:00:00,164.113,0.377
2025-10-25 10:00:00,164.504,0.392
2025-10-25 11:00:00,164.911,0.406
2025-10-25 12:00:00,165.331,0.420
2025-10-25 13:00:00,165.765,0.434
2025-10-25 14:00:00,166.212,0.447
2025-10-25 15:00:00,166.672,0.460
2025-10-25 16:00:00,167.144,0.473
2025-10-25 17:00:00,167.629,0.485
2025-10-25 18:00:00,168.125,0.497
2025-10-25 19:00:00,168.634,0.508
2025-10-25 20:00:00,169.153,0.519
2025-10-25 21:00:00,169.683,0.530
2025-10-25 22:00:00,170.224,0.541
2025-10-25 23:00:00,170.775,0.551
2025-10-26 00:00:00,171.336,0.561
2025-10-26 01:00:00,171.906,0.570
2025-10-26 02:00:00,172.485,0.579
2025-10-26 03:00:00,173.073,0.588
2025-10-26 04:00:00,173.670,0.597
2025-10-26 05:00:00,174.274,0.605
2025-10-26 06:00:00,174.887,0.612
2025-10-26 07:00:00,175.506,0.620
2025-10-26 08:00:00,176.133,0.627
2025-10-26 09:00:00,176.767,0.634
2025-10-26 10:00:00,177.407,0.640
2025-10-26 11:00:00,178.053,0.646
2025-10-26 12:00:00,178.704,0.652
2025-10-26 13:00:00,179.361,0.657
2025-10-26 14:00:00,180.023,0.662
2025-10-26 15:00:00,180.690,0.667
2025-10-26 16:00:00,181.360,0.671
2025-10-26 17:00:00,182.035,0.675
2025-10-26 18:00:00,182.714,0.678
2025-10-26 19:00:00,183.395,0.682
2025-10-26 20:00:00,184.080,0.685
2025-10-26 21:00:00,184.767,0.687
2025-10-26 22:00:00,185.456,0.689
2025-10-26 23:00:00,186.147,0.691
2025-10-27 00:00:00,186.840,0.693
2025-10-27 01:00:00,187.534,0.694
2025-10-27 02:00:00,188.229,0.695
2025-10-27 03:00:00,188.924,0.695
2025-10-27 04:00:00,189.619,0.695
2025-10-27 05:00:00,190.315,0.695
2025-10-27 06:00:00,191.009,0.695
2025-10-27 07:00:00,191.703,0.694
2025-10-27 08:00:00,192.396,0.693
2025-10-27 09:00:00,193.087,0.691
2025-10-27 10:00:00,193.776,0.689
2025-10-27 11:00:00,194.463,0.687
2025-10-27 12:00:00,195.147,0.684
2025-10-27 13:00:00,195.828,0.681
2025-10-27 14:00:00,196.506,0.678
2025-10-27 15:00:00,197.180,0.674
2025-10-27 16:00:00,197.850,0.670
2025-10-27 17:00:00,198.516,0.666
2025-10-27 18:00:00,199.178,0.661
2025-10-27 19:00:00,199.834,0.656
2025-10-27 20:00:00,200.485,0.651
2025-10-27 21:00:00,201.130,0.645
2025-10-27 22:00:00,201.769,0.639
2025-10-27 23:00:00,202.402,0.633
2025-10-28 00:00:00,203.028,0.626
2025-10-28 01:00:00,203.647,0.619
2025-10-28 02:00:00,204.260,0.613
2025-10-28 03:00:00,204.867,0.606
2025-10-28 04:00:00,205.467,0.600
2025-10-28 05:00:00,206.060,0.594
2025-10-28 06:00:00,206.648,0.587
2025-10-28 07:00:00,207.229,0.581
2025-10-28 08:00:00,207.804,0.575
2025-10-28 09:00:00,208.373,0.569
2025-10-28 10:00:00,208.936,0.563
2025-10-28 11:00:00,209.493,0.557
2025-10-28 12:00:00,210.044,0.551
2025-10-28 13:00:00,210.590,0.545
2025-10-28 14:00:00,211.129,0.540
2025-10-28 15:00:00,211.663,0.534
2025-10-28 16:00:00,212.191,0.528
2025-10-28 17:00:00,212.714,0.523
2025-10-28 18:00:00,213.231,0.517
2025-10-28 19:00:00,213.743,0.512
2025-10-28 20:00:00,214.249,0.506
2025-10-28 21:00:00,214.750,0.501
2025-10-28 22:00:00,215.245,0.496
2025-10-28 23:00:00,215.736,0.490
2025-10-29 00:00:00,216.221,0.485
2025-10-29 01:00:00,216.701,0.480
2025-10-29 02:00:00,217.176,0.475
2025-10-29 03:00:00,217.646,0.470
2025-10-29 04:00:00,218.112,0.465
2025-10-29 05:00:00,218.572,0.460
2025-10-29 06:00:00,219.028,0.456
2025-10-29 07:00:00,219.478,0.451
2025-10-29 08:00:00,219.925,0.446
2025-10-29 09:00:00,220.366,0.442
2025-10-29 10:00:00,220.804,0.437
2025-10-29 11:00:00,221.236,0.433
2025-10-29 12:00:00,221.665,0.428
2025-10-29 13:00:00,222.088,0.424
2025-10-29 14:00:00,222.508,0.420
2025-10-29 15:00:00,222.924,0.415
2025-10-29 16:00:00,223.335,0.411
2025-10-29 17:00:00,223.742,0.407
2025-10-29 18:00:00,224.145,0.403
2025-10-29 19:00:00,224.545,0.399
2025-10-29 20:00:00,224.940,0.395
2025-10-29 21:00:00,225.331,0.391
2025-10-29 22:00:00,225.719,0.388
2025-10-29 23:00:00,226.103,0.384
2025-10-30 00:00:00,226.483,0.380
2025-10-30 01:00:00,226.860,0.377
2025-10-30 02:00:00,227.233,0.373
2025-10-30 03:00:00,227.603,0.370
2025-10-30 04:00:00,227.969,0.366
2025-10-30 05:00:00,228.332,0.363
2025-10-30 06:00:00,228.692,0.360
2025-10-30 07:00:00,229.048,0.356
2025-10-30 08:00:00,229.402,0.353
2025-10-30 09:00:00,229.752,0.350
2025-10-30 10:00:00,230.099,0.347
2025-10-30 11:00:00,230.443,0.344
2025-10-30 12:00:00,230.785,0.341
2025-10-30 13:00:00,231.123,0.338
2025-10-30 14:00:00,231.459,0.336
2025-10-30 15:00:00,231.792,0.333
2025-10-30 16:00:00,232.122,0.330
2025-10-30 17:00:00,232.450,0.328
2025-10-30 18:00:00,232.775,0.325
2025-10-30 19:00:00,233.098,0.323
2025-10-30 20:00:00,233.418,0.320
2025-10-30 21:00:00,233.736,0.318
2025-10-30 22:00:00,234.052,0.316
2025-10-30 23:00:00,234.365,0.313
2025-10-31 00:00:00,234.676,0.311
2025-10-31 01:00:00,234.986,0.309
2025-10-31 02:00:00,235.293,0.307
2025-10-31 03:00:00,235.598,0.305
2025-10-31 04:00:00,235.901,0.303
2025-10-31 05:00:00,236.203,0.301
2025-10-31 06:00:00,236.502,0.300
2025-10-31 07:00:00,236.800,0.298
2025-10-31 08:00:00,237.097,0.296
2025-10-31 09:00:00,237.391,0.295
2025-10-31 10:00:00,237.684,0.293
2025-10-31 11:00:00,237.976,0.292
2025-10-31 12:00:00,238.266,0.290
2025-10-31 13:00:00,238.555,0.289
2025-10-31 14:00:00,238.843,0.288
2025-10-31 15:00:00,239.129,0.286
2025-10-31 16:00:00,239.415,0.285
2025-10-31 17:00:00,239.699,0.284
2025-10-31 18:00:00,239.982,0.283
2025-10-31 19:00:00,240.264,0.282
2025-10-31 20:00:00,240.545,0.281
2025-10-31 21:00:00,240.825,0.280
2025-10-31 22:00:00,241.105,0.280
2025-10-31 23:00:00,241.384,0.279
2025-11-01 00:00:00,241.662,0.278
2025-11-01 01:00:00,241.940,0.278
2025-11-01 02:00:00,242.217,0.277
2025-11-01 03:00:00,242.493,0.277
2025-11-01 04:00:00,242.769,0.276
2025-11-01 05:00:00,243.045,0.276
2025-11-01 06:00:00,243.321,0.276
2025-11-01 07:00:00,243.596,0.275
2025-11-01 08:00:00,243.871,0.275
2025-11-01 09:00:00,244.146,0.275
2025-11-01 10:00:00,244.421,0.275
2025-11-01 11:00:00,244.696,0.275
2025-11-01 12:00:00,244.971,0.275
2025-11-01 13:00:00,245.247,0.275
2025-11-01 14:00:00,245.522,0.275
2025-11-01 15:00:00,245.798,0.276
2025-11-01 16:00:00,246.074,0.276
2025-11-01 17:00:00,246.350,0.276
2025-11-01 18:00:00,246.627,0.277
2025-11-01 19:00:00,246.905,0.277
2025-11-01 20:00:00,247.183,0.278
2025-11-01 21:00:00,247.461,0.279
2025-11-01 22:00:00,247.741,0.279
2025-11-01 23:00:00,248.021,0.280
2025-11-02 00:00:00,248.302,0.281
2025-11-02 01:00:00,248.584,0.282
2025-11-02 02:00:00,248.866,0.283
2025-11-02 03:00:00,249.150,0.284
2025-11-02 04:00:00,249.435,0.285
2025-11-02 05:00:00,249.721,0.286
2025-11-02 06:00:00,250.009,0.287
2025-11-02 07:00:00,250.297,0.289
2025-11-02 08:00:00,250.587,0.290
2025-11-02 09:00:00,250.878,0.291
2025-11-02 10:00:00,251.171,0.293
2025-11-02 11:00:00,251.465,0.294
2025-11-02 12:00:00,251.762,0.296
2025-11-02 13:00:00,252.060,0.298
2025-11-02 14:00:00,252.360,0.300
2025-11-02 15:00:00,252.663,0.303
2025-11-02 16:00:00,252.968,0.305
2025-11-02 17:00:00,253.275,0.308
2025-11-02 18:00:00,253.586,0.310
2025-11-02 19:00:00,253.899,0.313
2025-11-02 20:00:00,254.215,0.316
2025-11-02 21:00:00,254.534,0.319
2025-11-02 22:00:00,254.857,0.323
2025-11-02 23:00:00,255.183,0.326
2025-11-03 00:00:00,255.513,0.330
2025-11-03 01:00:00,255.846,0.333
2025-11-03 02:00:00,256.184,0.337
2025-11-03 03:00:00,256.525,0.341
2025-11-03 04:00:00,256.871,0.346
2025-11-03 05:00:00,257.221,0.350
2025-11-03 06:00:00,257.575,0.355
2025-11-03 07:00:00,257.935,0.359
2025-11-03 08:00:00,258.299,0.364
2025-11-03 09:00:00,258.668,0.369
2025-11-03 10:00:00,259.042,0.374
2025-11-03 11:00:00,259.421,0.379
2025-11-03 12:00:00,259.806,0.385
2025-11-03 13:00:00,260.197,0.390
2025-11-03 14:00:00,260.593,0.396
2025-11-03 15:00:00,260.995,0.402
2025-11-03 16:00:00,261.403,0.408
2025-11-03 17:00:00,261.818,0.414
2025-11-03 18:00:00,262.238,0.421
2025-11-03 19:00:00,262.665,0.427
2025-11-03 20:00:00,263.099,0.434
2025-11-03 21:00:00,263.539,0.440
2025-11-03 22:00:00,263.985,0.446
2025-11-03 23:00:00,264.435,0.450
2025-11-04 00:00:00,264.888,0.453
2025-11-04 01:00:00,265.343,0.455
2025-11-04 02:00:00,265.799,0.456
2025-11-04 03:00:00,266.254,0.455
2025-11-04 04:00:00,266.708,0.454
2025-11-04 05:00:00,267.159,0.451
2025-11-04 06:00:00,267.606,0.447
2025-11-04 07:00:00,268.049,0.442
2025-11-04 08:00:00,268.485,0.436
2025-11-04 09:00:00,268.914,0.429
2025-11-04 10:00:00,269.334,0.420
2025-11-04 11:00:00,269.745,0.411
2025-11-04 12:00:00,270.144,0.400
2025-11-04 13:00:00,270.532,0.388
2025-11-04 14:00:00,270.907,0.375
2025-11-04 15:00:00,271.269,0.362
2025-11-04 16:00:00,271.619,0.350
2025-11-04 17:00:00,271.958,0.339
2025-11-04 18:00:00,272.289,0.330
2025-11-04 19:00:00,272.611,0.323
2025-11-04 20:00:00,272.928,0.316
2025-11-04 21:00:00,273.239,0.311
2025-11-04 22:00:00,273.547,0.308
2025-11-04 23:00:00,273.853,0.306
2025-11-05 00:00:00,274.158,0.305
2025-11-05 01:00:00,274.463,0.305
2025-11-05 02:00:00,274.770,0.307
2025-11-05 03:00:00,275.081,0.311
2025-11-05 04:00:00,275.396,0.315
2025-11-05 05:00:00,275.717,0.321
2025-11-05 06:00:00,276.046,0.329
2025-11-05 07:00:00,276.383,0.337
2025-11-05 08:00:00,276.724,0.341
2025-11-05 09:00:00,277.055,0.331
2025-11-05 10:00:00,277.365,0.310
2025-11-05 11:00:00,277.653,0.288
2025-11-05 12:00:00,277.924,0.270
2025-11-05 13:00:00,278.179,0.255
2025-11-05 14:00:00,278.423,0.244
2025-11-05 15:00:00,278.658,0.235
2025-11-05 16:00:00,278.887,0.230
2025-11-05 17:00:00,279.115,0.228
2025-11-05 18:00:00,279.343,0.228
2025-11-05 19:00:00,279.576,0.233
2025-11-05 20:00:00,279.815,0.239
2025-11-05 21:00:00,280.062,0.247
2025-11-05 22:00:00,280.317,0.255
2025-11-05 23:00:00,280.580,0.263
2025-11-06 00:00:00,280.852,0.271
2025-11-06 01:00:00,281.132,0.280
2025-11-06 02:00:00,281.421,0.289
2025-11-06 03:00:00,281.719,0.298
2025-11-06 04:00:00,282.027,0.308
2025-11-06 05:00:00,282.345,0.318
2025-11-06 06:00:00,282.673,0.328
2025-11-06 07:00:00,283.011,0.338
2025-11-06 08:00:00,283.361,0.349
2025-11-06 09:00:00,283.721,0.360
2025-11-06 10:00:00,284.092,0.371
2025-11-06 11:00:00,284.475,0.383
2025-11-06 12:00:00,284.869,0.395
2025-11-06 13:00:00,285.276,0.407
2025-11-06 14:00:00,285.695,0.419
2025-11-06 15:00:00,286.127,0.432
2025-11-06 16:00:00,286.572,0.445
2025-11-06 17:00:00,287.030,0.458
2025-11-06 18:00:00,287.501,0.472
2025-11-06 19:00:00,287.987,0.485
2025-11-06 20:00:00,288.486,0.500
2025-11-06 21:00:00,289.000,0.514
2025-11-06 22:00:00,289.529,0.529
2025-11-06 23:00:00,290.072,0.544
2025-11-07 00:00:00,290.631,0.559
2025-11-07 01:00:00,291.205,0.574
2025-11-07 02:00:00,291.795,0.590
2025-11-07 03:00:00,292.402,0.606
2025-11-07 04:00:00,293.024,0.623
2025-11-07 05:00:00,293.663,0.639
2025-11-07 06:00:00,294.319,0.656
2025-11-07 07:00:00,294.993,0.673
2025-11-07 08:00:00,295.684,0.691
2025-11-07 09:00:00,296.388,0.705
2025-11-07 10:00:00,297.102,0.714
2025-11-07 11:00:00,297.820,0.718
2025-11-07 12:00:00,298.536,0.716
2025-11-07 13:00:00,299.245,0.709
2025-11-07 14:00:00,299.942,0.697
2025-11-07 15:00:00,300.621,0.679
2025-11-07 16:00:00,301.277,0.657
2025-11-07 17:00:00,301.906,0.628
2025-11-07 18:00:00,302.501,0.595
2025-11-07 19:00:00,303.057,0.556
2025-11-07 20:00:00,303.570,0.512
2025-11-07 21:00:00,304.033,0.463
2025-11-07 22:00:00,304.442,0.409
2025-11-07 23:00:00,304.799,0.357
2025-11-08 00:00:00,305.119,0.320
2025-11-08 01:00:00,305.420,0.300
2025-11-08 02:00:00,305.716,0.296
2025-11-08 03:00:00,306.025,0.309
2025-11-08 04:00:00,306.363,0.338
2025-11-08 05:00:00,306.746,0.383
2025-11-08 06:00:00,307.191,0.445
2025-11-08 07:00:00,307.715,0.523
2025-11-08 08:00:00,308.332,0.618
2025-11-08 09:00:00,309.059,0.727
2025-11-08 10:00:00,309.891,0.831
2025-11-08 11:00:00,310.810,0.919
2025-11-08 12:00:00,311.798,0.988
2025-11-08 13:00:00,312.838,1.040
2025-11-08 14:00:00,313.913,1.075
2025-11-08 15:00:00,315.005,1.092
2025-11-08 16:00:00,316.096,1.091
2025-11-08 17:00:00,317.169,1.073
2025-11-08 18:00:00,318.206,1.037
2025-11-08 19:00:00,319.191,0.984
2025-11-08 20:00:00,320.104,0.914
2025-11-08 21:00:00,320.929,0.825
2025-11-08 22:00:00,321.649,0.720
2025-11-08 23:00:00,322.258,0.609
2025-11-09 00:00:00,322.771,0.514
2025-11-09 01:00:00,323.208,0.437
2025-11-09 02:00:00,323.586,0.378
2025-11-09 03:00:00,323.924,0.338
2025-11-09 04:00:00,324.240,0.316
2025-11-09 05:00:00,324.552,0.312
2025-11-09 06:00:00,324.878,0.326
2025-11-09 07:00:00,325.237,0.359
2025-11-09 08:00:00,325.647,0.410
2025-11-09 09:00:00,326.116,0.470
2025-11-09 10:00:00,326.642,0.525
2025-11-09 11:00:00,327.217,0.575
2025-11-09 12:00:00,327.836,0.620
2025-11-09 13:00:00,328.495,0.659
2025-11-09 14:00:00,329.187,0.692
2025-11-09 15:00:00,329.907,0.720
2025-11-09 16:00:00,330.649,0.742
2025-11-09 17:00:00,331.408,0.759
2025-11-09 18:00:00,332.179,0.770
2025-11-09 19:00:00,332.955,0.776
2025-11-09 20:00:00,333.731,0.776
2025-11-09 21:00:00,334.502,0.771
2025-11-09 22:00:00,335.261,0.760
2025-11-09 23:00:00,336.006,0.745
2025-11-10 00:00:00,336.737,0.730
2025-11-10 01:00:00,337.453,0.717
2025-11-10 02:00:00,338.157,0.704
2025-11-10 03:00:00,338.848,0.691
2025-11-10 04:00:00,339.528,0.680
2025-11-10 05:00:00,340.197,0.669
2025-11-10 06:00:00,340.857,0.660
2025-11-10 07:00:00,341.508,0.651
2025-11-10 08:00:00,342.150,0.642
2025-11-10 09:00:00,342.785,0.634
2025-11-10 10:00:00,343.411,0.627
2025-11-10 11:00:00,344.031,0.620
2025-11-10 12:00:00,344.644,0.613
2025-11-10 13:00:00,345.250,0.606
2025-11-10 14:00:00,345.850,0.600
2025-11-10 15:00:00,346.444,0.594
2025-11-10 16:00:00,347.033,0.589
2025-11-10 17:00:00,347.616,0.583
2025-11-10 18:00:00,348.195,0.579
2025-11-10 19:00:00,348.769,0.574
2025-11-10 20:00:00,349.339,0.570
2025-11-10 21:00:00,349.905,0.566
2025-11-10 22:00:00,350.468,0.563
2025-11-10 23:00:00,351.027,0.559
2025-11-11 00:00:00,351.584,0.557
2025-11-11 01:00:00,352.138,0.554
2025-11-11 02:00:00,352.690,0.552
2025-11-11 03:00:00,353.241,0.550
2025-11-11 04:00:00,353.790,0.549
2025-11-11 05:00:00,354.338,0.548
2025-11-11 06:00:00,354.885,0.547
2025-11-11 07:00:00,355.431,0.547
2025-11-11 08:00:00,355.978,0.547
2025-11-11 09:00:00,356.525,0.547
2025-11-11 10:00:00,357.072,0.548
2025-11-11 11:00:00,357.621,0.549
2025-11-11 12:00:00,358.171,0.550
2025-11-11 13:00:00,358.722,0.551
2025-11-11 14:00:00,359.276,0.553
2025-11-11 15:00:00,359.832,0.556
2025-11-11 16:00:00,360.390,0.558
2025-11-11 17:00:00,360.951,0.561
2025-11-11 18:00:00,361.516,0.565
2025-11-11 19:00:00,362.085,0.569
2025-11-11 20:00:00,362.657,0.573
2025-11-11 21:00:00,363.234,0.577
2025-11-11 22:00:00,363.816,0.582
2025-11-11 23:00:00,364.402,0.586
2025-11-12 00:00:00,364.993,0.591
2025-11-12 01:00:00,365.587,0.595
2025-11-12 02:00:00,366.186,0.598
2025-11-12 03:00:00,366.788,0.602
2025-11-12 04:00:00,367.393,0.605
2025-11-12 05:00:00,368.002,0.609
2025-11-12 06:00:00,368.614,0.611
2025-11-12 07:00:00,369.228,0.614
2025-11-12 08:00:00,369.844,0.617
2025-11-12 09:00:00,370.463,0.619
2025-11-12 10:00:00,371.084,0.621
2025-11-12 11:00:00,371.706,0.622
2025-11-12 12:00:00,372.330,0.624
2025-11-12 13:00:00,372.955,0.625
2025-11-12 14:00:00,373.581,0.626
2025-11-12 15:00:00,374.207,0.627
2025-11-12 16:00:00,374.835,0.627
2025-11-12 17:00:00,375.462,0.627
2025-11-12 18:00:00,376.089,0.627
2025-11-12 19:00:00,376.717,0.627
2025-11-12 20:00:00,377.343,0.627
2025-11-12 21:00:00,377.969,0.626
2025-11-12 22:00:00,378.594,0.625
2025-11-12 23:00:00,379.218,0.624
2025-11-13 00:00:00,379.840,0.622
2025-11-13 01:00:00,380.461,0.621
2025-11-13 02:00:00,381.080,0.619
2025-11-13 03:00:00,381.697,0.617
2025-11-13 04:00:00,382.311,0.614
2025-11-13 05:00:00,382.922,0.612
2025-11-13 06:00:00,383.531,0.609
2025-11-13 07:00:00,384.136,0.606
2025-11-13 08:00:00,384.739,0.602
2025-11-13 09:00:00,385.337,0.599
2025-11-13 10:00:00,385.932,0.595
2025-11-13 11:00:00,386.522,0.591
2025-11-13 12:00:00,387.109,0.586
2025-11-13 13:00:00,387.690,0.582
2025-11-13 14:00:00,388.267,0.577
2025-11-13 15:00:00,388.839,0.572
2025-11-13 16:00:00,389.406,0.567
2025-11-13 17:00:00,389.967,0.561
2025-11-13 18:00:00,390.522,0.555
2025-11-13 19:00:00,391.071,0.549
2025-11-13 20:00:00,391.614,0.543
2025-11-13 21:00:00,392.150,0.536
2025-11-13 22:00:00,392.680,0.530
2025-11-13 23:00:00,393.203,0.523
2025-11-14 00:00:00,393.718,0.515
2025-11-14 01:00:00,394.226,0.508
2025-11-14 02:00:00,394.726,0.500
2025-11-14 03:00:00,395.219,0.492
2025-11-14 04:00:00,395.703,0.484
2025-11-14 05:00:00,396.179,0.476
2025-11-14 06:00:00,396.646,0.467
2025-11-14 07:00:00,397.104,0.458
2025-11-14 08:00:00,397.553,0.449
2025-11-14 09:00:00,397.992,0.440
2025-11-14 10:00:00,398.422,0.430
2025-11-14 11:00:00,398.842,0.420
2025-11-14 12:00:00,399.252,0.410
2025-11-14 13:00:00,399.652,0.400
2025-11-14 14:00:00,400.041,0.389
2025-11-14 15:00:00,400.419,0.378
2025-11-14 16:00:00,400.786,0.367
2025-11-14 17:00:00,401.142,0.356
2025-11-14 18:00:00,401.486,0.344
2025-11-14 19:00:00,401.819,0.332
2025-11-14 20:00:00,402.139,0.320
2025-11-14 21:00:00,402.447,0.308
2025-11-14 22:00:00,402.743,0.296
2025-11-14 23:00:00,403.026,0.283
2025-11-15 00:00:00,403.296,0.271
2025-11-15 01:00:00,403.555,0.259
2025-11-15 02:00:00,403.802,0.247
2025-11-15 03:00:00,404.039,0.237
2025-11-15 04:00:00,404.265,0.226
2025-11-15 05:00:00,404.482,0.216
2025-11-15 06:00:00,404.689,0.207
2025-11-15 07:00:00,404.887,0.198
2025-11-15 08:00:00,405.077,0.190
2025-11-15 09:00:00,405.260,0.182
2025-11-15 10:00:00,405.435,0.175
2025-11-15 11:00:00,405.604,0.169
2025-11-15 12:00:00,405.766,0.162
2025-11-15 13:00:00,405.923,0.157
2025-11-15 14:00:00,406.074,0.152
2025-11-15 15:00:00,406.221,0.147
2025-11-15 16:00:00,406.364,0.143
2025-11-15 17:00:00,406.503,0.139
2025-11-15 18:00:00,406.639,0.136
2025-11-15 19:00:00,406.773,0.134
2025-11-15 20:00:00,406.904,0.131
2025-11-15 21:00:00,407.034,0.130
2025-11-15 22:00:00,407.163,0.129
2025-11-15 23:00:00,407.291,0.128
2025-11-16 00:00:00,407.420,0.128
2025-11-16 01:00:00,407.549,0.129
2025-11-16 02:00:00,407.678,0.130
2025-11-16 03:00:00,407.810,0.131
2025-11-16 04:00:00,407.943,0.134
2025-11-16 05:00:00,408.079,0.136
2025-11-16 06:00:00,408.219,0.139
2025-11-16 07:00:00,408.361,0.143
2025-11-16 08:00:00,408.508,0.147
2025-11-16 09:00:00,408.660,0.152
2025-11-16 10:00:00,408.817,0.157
2025-11-16 11:00:00,408.979,0.162
2025-11-16 12:00:00,409.147,0.169
2025-11-16 13:00:00,409.323,0.175
2025-11-16 14:00:00,409.505,0.182
2025-11-16 15:00:00,409.695,0.190
2025-11-16 16:00:00,409.894,0.198
2025-11-16 17:00:00,410.101,0.207
2025-11-16 18:00:00,410.317,0.216
2025-11-16 19:00:00,410.542,0.225
2025-11-16 20:00:00,410.775,0.233
2025-11-16 21:00:00,411.017,0.242
2025-11-16 22:00:00,411.267,0.250
2025-11-16 23:00:00,411.525,0.258
2025-11-17 00:00:00,411.792,0.266
2025-11-17 01:00:00,412.066,0.274
2025-11-17 02:00:00,412.347,0.282
2025-11-17 03:00:00,412.637,0.289
2025-11-17 04:00:00,412.933,0.297
2025-11-17 05:00:00,413.237,0.304
2025-11-17 06:00:00,413.547,0.311
2025-11-17 07:00:00,413.865,0.318
2025-11-17 08:00:00,414.189,0.324
2025-11-17 09:00:00,414.520,0.331
2025-11-17 10:00:00,414.857,0.337
2025-11-17 11:00:00,415.200,0.343
2025-11-17 12:00:00,415.550,0.349
2025-11-17 13:00:00,415.905,0.355
2025-11-17 14:00:00,416.266,0.361
2025-11-17 15:00:00,416.633,0.367
2025-11-17 16:00:00,417.005,0.372
2025-11-17 17:00:00,417.382,0.377
2025-11-17 18:00:00,417.764,0.382
2025-11-17 19:00:00,418.151,0.387
2025-11-17 20:00:00,418.543,0.392
2025-11-17 21:00:00,418.940,0.397
2025-11-17 22:00:00,419.341,0.401
2025-11-17 23:00:00,419.747,0.405
2025-11-18 00:00:00,420.156,0.410
2025-11-18 01:00:00,420.570,0.414
2025-11-18 02:00:00,420.987,0.417
2025-11-18 03:00:00,421.408,0.421
2025-11-18 04:00:00,421.833,0.424
2025-11-18 05:00:00,422.260,0.428
2025-11-18 06:00:00,422.691,0.431
2025-11-18 07:00:00,423.125,0.434
2025-11-18 08:00:00,423.562,0.437
2025-11-18 09:00:00,424.002,0.440
2025-11-18 10:00:00,424.444,0.442
2025-11-18 11:00:00,424.889,0.445
2025-11-18 12:00:00,425.335,0.447
2025-11-18 13:00:00,425.784,0.449
2025-11-18 14:00:00,426.235,0.451
2025-11-18 15:00:00,426.687,0.452
2025-11-18 16:00:00,427.141,0.454
2025-11-18 17:00:00,427.597,0.455
2025-11-18 18:00:00,428.053,0.457
2025-11-18 19:00:00,428.511,0.458
2025-11-18 20:00:00,428.970,0.459
2025-11-18 21:00:00,429.430,0.460
2025-11-18 22:00:00,429.890,0.460
2025-11-18 23:00:00,430.350,0.461
2025-11-19 00:00:00,430.811,0.461
2025-11-19 01:00:00,431.273,0.461
2025-11-19 02:00:00,431.734,0.461
2025-11-19 03:00:00,432.195,0.461
2025-11-19 04:00:00,432.655,0.461
2025-11-19 05:00:00,433.115,0.460
2025-11-19 06:00:00,433.575,0.459
2025-11-19 07:00:00,434.033,0.459
2025-11-19 08:00:00,434.491,0.458
2025-11-19 09:00:00,434.948,0.457
2025-11-19 10:00:00,435.403,0.455
2025-11-19 11:00:00,435.857,0.454
2025-11-19 12:00:00,436.309,0.452
2025-11-19 13:00:00,436.759,0.450
2025-11-19 14:00:00,437.208,0.449
2025-11-19 15:00:00,437.654,0.446
2025-11-19 16:00:00,438.098,0.444
2025-11-19 17:00:00,438.540,0.442
2025-11-19 18:00:00,438.979,0.439
2025-11-19 19:00:00,439.416,0.436
2025-11-19 20:00:00,439.851,0.435
2025-11-19 21:00:00,440.289,0.438
2025-11-19 22:00:00,440.736,0.447
2025-11-19 23:00:00,441.197,0.462
2025-11-20 00:00:00,441.680,0.482
2025-11-20 01:00:00,442.188,0.509
2025-11-20 02:00:00,442.729,0.541
2025-11-20 03:00:00,443.308,0.579
2025-11-20 04:00:00,443.931,0.623
2025-11-20 05:00:00,444.603,0.672
2025-11-20 06:00:00,445.330,0.727
2025-11-20 07:00:00,446.119,0.789
2025-11-20 08:00:00,446.974,0.855
2025-11-20 09:00:00,447.902,0.928
2025-11-20 10:00:00,448.901,0.999
2025-11-20 11:00:00,449.960,1.059
2025-11-20 12:00:00,451.067,1.107
2025-11-20 13:00:00,452.211,1.144
2025-11-20 14:00:00,453.379,1.169
2025-11-20 15:00:00,454.562,1.182
2025-11-20 16:00:00,455.746,1.184
2025-11-20 17:00:00,456.920,1.174
2025-11-20 18:00:00,458.073,1.153
2025-11-20 19:00:00,459.193,1.120
2025-11-20 20:00:00,460.268,1.075
2025-11-20 21:00:00,461.287,1.019
2025-11-20 22:00:00,462.238,0.951
2025-11-20 23:00:00,463.111,0.873
2025-11-21 00:00:00,463.911,0.799
2025-11-21 01:00:00,464.651,0.741
2025-11-21 02:00:00,465.350,0.698
2025-11-21 03:00:00,466.021,0.671
2025-11-21 04:00:00,466.681,0.660
2025-11-21 05:00:00,467.345,0.664
2025-11-21 06:00:00,468.028,0.684
2025-11-21 07:00:00,468.747,0.719
2025-11-21 08:00:00,469.517,0.770
2025-11-21 09:00:00,470.354,0.837
2025-11-21 10:00:00,471.269,0.915
2025-11-21 11:00:00,472.255,0.987
2025-11-21 12:00:00,473.301,1.046
2025-11-21 13:00:00,474.394,1.093
2025-11-21 14:00:00,475.521,1.127
2025-11-21 15:00:00,476.671,1.150
2025-11-21 16:00:00,477.830,1.159
2025-11-21 17:00:00,478.987,1.157
2025-11-21 18:00:00,480.129,1.142
2025-11-21 19:00:00,481.243,1.115
2025-11-21 20:00:00,482.318,1.075
2025-11-21 21:00:00,483.341,1.023
2025-11-21 22:00:00,484.300,0.959
2025-11-21 23:00:00,485.183,0.883
2025-11-22 00:00:00,485.990,0.808
2025-11-22 01:00:00,486.731,0.741
2025-11-22 02:00:00,487.414,0.683
2025-11-22 03:00:00,488.049,0.634
2025-11-22 04:00:00,488.643,0.594
2025-11-22 05:00:00,489.206,0.563
2025-11-22 06:00:00,489.747,0.541
2025-11-22 07:00:00,490.273,0.527
2025-11-22 08:00:00,490.795,0.522
2025-11-22 09:00:00,491.321,0.526
2025-11-22 10:00:00,491.858,0.537
2025-11-22 11:00:00,492.406,0.548
2025-11-22 12:00:00,492.966,0.559
2025-11-22 13:00:00,493.536,0.570
2025-11-22 14:00:00,494.116,0.580
2025-11-22 15:00:00,494.707,0.590
2025-11-22 16:00:00,495.307,0.600
2025-11-22 17:00:00,495.916,0.609
2025-11-22 18:00:00,496.534,0.618
2025-11-22 19:00:00,497.160,0.626
2025-11-22 20:00:00,497.795,0.635
2025-11-22 21:00:00,498.437,0.642
2025-11-22 22:00:00,499.087,0.650
2025-11-22 23:00:00,499.743,0.657
2025-11-23 00:00:00,500.406,0.663
2025-11-23 01:00:00,501.076,0.669
2025-11-23 02:00:00,501.751,0.675
2025-11-23 03:00:00,502.431,0.681
2025-11-23 04:00:00,503.117,0.686
2025-11-23 05:00:00,503.807,0.690
2025-11-23 06:00:00,504.502,0.695
2025-11-23 07:00:00,505.200,0.698
2025-11-23 08:00:00,505.902,0.702
2025-11-23 09:00:00,506.607,0.705
2025-11-23 10:00:00,507.315,0.708
2025-11-23 11:00:00,508.025,0.710
2025-11-23 12:00:00,508.737,0.712
2025-11-23 13:00:00,509.451,0.714
2025-11-23 14:00:00,510.167,0.715
2025-11-23 15:00:00,510.883,0.716
2025-11-23 16:00:00,511.599,0.717
2025-11-23 17:00:00,512.316,0.717
2025-11-23 18:00:00,513.032,0.716
2025-11-23 19:00:00,513.748,0.716
2025-11-23 20:00:00,514.463,0.715
2025-11-23 21:00:00,515.176,0.713
2025-11-23 22:00:00,515.888,0.712
2025-11-23 23:00:00,516.597,0.709
2025-11-24 00:00:00,517.304,0.707
2025-11-24 01:00:00,518.008,0.704
2025-11-24 02:00:00,518.709,0.701
2025-11-24 03:00:00,519.406,0.697
2025-11-24 04:00:00,520.099,0.693
2025-11-24 05:00:00,520.787,0.689
2025-11-24 06:00:00,521.471,0.684
2025-11-24 07:00:00,522.150,0.679
2025-11-24 08:00:00,522.823,0.673
2025-11-24 09:00:00,523.490,0.667
2025-11-24 10:00:00,524.151,0.661
2025-11-24 11:00:00,524.805,0.654
2025-11-24 12:00:00,525.452,0.647
2025-11-24 13:00:00,526.091,0.640
2025-11-24 14:00:00,526.723,0.632
2025-11-24 15:00:00,527.346,0.623
2025-11-24 16:00:00,527.961,0.615
2025-11-24 17:00:00,528.567,0.606
2025-11-24 18:00:00,529.164,0.597
2025-11-24 19:00:00,529.751,0.587
2025-11-24 20:00:00,530.327,0.577
2025-11-24 21:00:00,530.894,0.566
2025-11-24 22:00:00,531.449,0.555
2025-11-24 23:00:00,531.993,0.544
2025-11-25 00:00:00,532.526,0.533
2025-11-25 01:00:00,533.047,0.522
2025-11-25 02:00:00,533.559,0.512
2025-11-25 03:00:00,534.061,0.502
2025-11-25 04:00:00,534.555,0.494
2025-11-25 05:00:00,535.042,0.486
2025-11-25 06:00:00,535.521,0.480
2025-11-25 07:00:00,535.995,0.474
2025-11-25 08:00:00,536.464,0.469
2025-11-25 09:00:00,536.929,0.465
2025-11-25 10:00:00,537.390,0.461
2025-11-25 11:00:00,537.849,0.459
2025-11-25 12:00:00,538.306,0.457
2025-11-25 13:00:00,538.762,0.456
2025-11-25 14:00:00,539.218,0.456
2025-11-25 15:00:00,539.676,0.457
2025-11-25 16:00:00,540.135,0.459
2025-11-25 17:00:00,540.596,0.462
2025-11-25 18:00:00,541.061,0.465
2025-11-25 19:00:00,541.531,0.469
2025-11-25 20:00:00,542.005,0.474
2025-11-25 21:00:00,542.486,0.480
2025-11-25 22:00:00,542.973,0.487
2025-11-25 23:00:00,543.468,0.495
2025-11-26 00:00:00,543.970,0.503
2025-11-26 01:00:00,544.481,0.510
2025-11-26 02:00:00,544.998,0.518
2025-11-26 03:00:00,545.523,0.525
2025-11-26 04:00:00,546.055,0.532
2025-11-26 05:00:00,546.593,0.538
2025-11-26 06:00:00,547.137,0.545
2025-11-26 07:00:00,547.688,0.551
2025-11-26 08:00:00,548.245,0.557
2025-11-26 09:00:00,548.807,0.562
2025-11-26 10:00:00,549.375,0.568
2025-11-26 11:00:00,549.949,0.573
2025-11-26 12:00:00,550.527,0.578
2025-11-26 13:00:00,551.110,0.583
2025-11-26 14:00:00,551.698,0.588
2025-11-26 15:00:00,552.290,0.592
2025-11-26 16:00:00,552.886,0.596
2025-11-26 17:00:00,553.486,0.600
2025-11-26 18:00:00,554.089,0.604
2025-11-26 19:00:00,554.696,0.607
2025-11-26 20:00:00,555.306,0.610
2025-11-26 21:00:00,555.919,0.613
2025-11-26 22:00:00,556.535,0.616
2025-11-26 23:00:00,557.153,0.618
2025-11-27 00:00:00,557.774,0.621
2025-11-27 01:00:00,558.396,0.623
2025-11-27 02:00:00,559.021,0.624
2025-11-27 03:00:00,559.647,0.626
2025-11-27 04:00:00,560.274,0.627
2025-11-27 05:00:00,560.902,0.628
2025-11-27 06:00:00,561.531,0.629
2025-11-27 07:00:00,562.161,0.630
2025-11-27 08:00:00,562.791,0.630
2025-11-27 09:00:00,563.421,0.630
2025-11-27 10:00:00,564.052,0.630
2025-11-27 11:00:00,564.681,0.630
2025-11-27 12:00:00,565.311,0.629
2025-11-27 13:00:00,565.940,0.629
2025-11-27 14:00:00,566.567,0.628
2025-11-27 15:00:00,567.194,0.626
2025-11-27 16:00:00,567.819,0.625
2025-11-27 17:00:00,568.442,0.623
2025-11-27 18:00:00,569.063,0.621
2025-11-27 19:00:00,569.682,0.619
2025-11-27 20:00:00,570.299,0.617
2025-11-27 21:00:00,570.914,0.615
2025-11-27 22:00:00,571.526,0.612
2025-11-27 23:00:00,572.136,0.610
2025-11-28 00:00:00,572.744,0.608
2025-11-28 01:00:00,573.349,0.606
2025-11-28 02:00:00,573.953,0.603
2025-11-28 03:00:00,574.554,0.601
2025-11-28 04:00:00,575.153,0.599
2025-11-28 05:00:00,575.751,0.597
2025-11-28 06:00:00,576.346,0.595
2025-11-28 07:00:00,576.940,0.593
2025-11-28 08:00:00,577.531,0.592
2025-11-28 09:00:00,578.121,0.590
2025-11-28 10:00:00,578.709,0.588
2025-11-28 11:00:00,579.295,0.586
2025-11-28 12:00:00,579.880,0.585
2025-11-28 13:00:00,580.463,0.583
2025-11-28 14:00:00,581.044,0.581
2025-11-28 15:00:00,581.623,0.580
2025-11-28 16:00:00,582.201,0.578
2025-11-28 17:00:00,582.778,0.577
2025-11-28 18:00:00,583.353,0.575
2025-11-28 19:00:00,583.927,0.574
2025-11-28 20:00:00,584.499,0.572
2025-11-28 21:00:00,585.070,0.571
2025-11-28 22:00:00,585.640,0.570
2025-11-28 23:00:00,586.209,0.568
2025-11-29 00:00:00,586.776,0.567
2025-11-29 01:00:00,587.342,0.566
2025-11-29 02:00:00,587.907,0.565
2025-11-29 03:00:00,588.471,0.564
2025-11-29 04:00:00,589.034,0.563
2025-11-29 05:00:00,589.596,0.562
2025-11-29 06:00:00,590.157,0.561
2025-11-29 07:00:00,590.717,0.560
2025-11-29 08:00:00,591.276,0.559
2025-11-29 09:00:00,591.834,0.558
2025-11-29 10:00:00,592.392,0.558
2025-11-29 11:00:00,592.949,0.557
2025-11-29 12:00:00,593.505,0.556
2025-11-29 13:00:00,594.060,0.555
2025-11-29 14:00:00,594.615,0.555
2025-11-29 15:00:00,595.169,0.554
2025-11-29 16:00:00,595.723,0.554
2025-11-29 17:00:00,596.276,0.553
2025-11-29 18:00:00,596.829,0.553
2025-11-29 19:00:00,597.381,0.552
2025-11-29 20:00:00,597.933,0.552
2025-11-29 21:00:00,598.485,0.552
2025-11-29 22:00:00,599.036,0.551
2025-11-29 23:00:00,599.587,0.551
2025-11-30 00:00:00,600.138,0.551
2025-11-30 01:00:00,600.689,0.551
2025-11-30 02:00:00,601.240,0.551
2025-11-30 03:00:00,601.790,0.551
2025-11-30 04:00:00,602.341,0.551
2025-11-30 05:00:00,602.892,0.551
2025-11-30 06:00:00,603.442,0.551
2025-11-30 07:00:00,603.993,0.551
2025-11-30 08:00:00,604.544,0.551
2025-11-30 09:00:00,605.095,0.551
2025-11-30 10:00:00,605.646,0.551
2025-11-30 11:00:00,606.198,0.552
2025-11-30 12:00:00,606.749,0.552
2025-11-30 13:00:00,607.302,0.552
2025-11-30 14:00:00,607.854,0.553
2025-11-30 15:00:00,608.407,0.553
2025-11-30 16:00:00,608.961,0.553
2025-11-30 17:00:00,609.515,0.554
2025-11-30 18:00:00,610.069,0.555
2025-11-30 19:00:00,610.624,0.555
2025-11-30 20:00:00,611.180,0.556
2025-11-30 21:00:00,611.736,0.556
2025-11-30 22:00:00,612.293,0.557
2025-11-30 23:00:00,612.850,0.557
2025-12-01 00:00:00,613.408,0.558
2025-12-01 01:00:00,613.966,0.558
2025-12-01 02:00:00,614.523,0.558
2025-12-01 03:00:00,615.081,0.558
2025-12-01 04:00:00,615.639,0.558
2025-12-01 05:00:00,616.196,0.557
2025-12-01 06:00:00,616.753,0.557
2025-12-01 07:00:00,617.309,0.556
2025-12-01 08:00:00,617.865,0.556
2025-12-01 09:00:00,618.420,0.555
2025-12-01 10:00:00,618.975,0.554
2025-12-01 11:00:00,619.528,0.553
2025-12-01 12:00:00,620.081,0.552
2025-12-01 13:00:00,620.632,0.551
2025-12-01 14:00:00,621.182,0.550
2025-12-01 15:00:00,621.731,0.549
2025-12-01 16:00:00,622.278,0.547
2025-12-01 17:00:00,622.824,0.546
2025-12-01 18:00:00,623.368,0.544
2025-12-01 19:00:00,623.911,0.542
2025-12-01 20:00:00,624.451,0.540
2025-12-01 21:00:00,624.990,0.539
2025-12-01 22:00:00,625.527,0.537
2025-12-01 23:00:00,626.062,0.535
2025-12-02 00:00:00,626.595,0.533
2025-12-02 01:00:00,627.127,0.532
2025-12-02 02:00:00,627.658,0.531
2025-12-02 03:00:00,628.188,0.530
2025-12-02 04:00:00,628.717,0.529
2025-12-02 05:00:00,629.245,0.528
2025-12-02 06:00:00,629.772,0.527
2025-12-02 07:00:00,630.299,0.527
2025-12-02 08:00:00,630.826,0.527
2025-12-02 09:00:00,631.352,0.526
2025-12-02 10:00:00,631.878,0.526
2025-12-02 11:00:00,632.405,0.526
2025-12-02 12:00:00,632.932,0.527
2025-12-02 13:00:00,633.459,0.527
2025-12-02 14:00:00,633.986,0.528
2025-12-02 15:00:00,634.515,0.528
2025-12-02 16:00:00,635.044,0.529
2025-12-02 17:00:00,635.574,0.530
2025-12-02 18:00:00,636.105,0.531
2025-12-02 19:00:00,636.638,0.533
2025-12-02 20:00:00,637.172,0.534
2025-12-02 21:00:00,637.708,0.536
2025-12-02 22:00:00,638.245,0.537
2025-12-02 23:00:00,638.785,0.539
2025-12-03 00:00:00,639.326,0.541
2025-12-03 01:00:00,639.869,0.544
2025-12-03 02:00:00,640.415,0.546
2025-12-03 03:00:00,640.964,0.548
2025-12-03 04:00:00,641.515,0.551
2025-12-03 05:00:00,642.068,0.554
2025-12-03 06:00:00,642.625,0.557
2025-12-03 07:00:00,643.185,0.560
2025-12-03 08:00:00,643.748,0.563
2025-12-03 09:00:00,644.314,0.566
2025-12-03 10:00:00,644.884,0.570
2025-12-03 11:00:00,645.458,0.574
2025-12-03 12:00:00,646.035,0.577
2025-12-03 13:00:00,646.617,0.581
2025-12-03 14:00:00,647.202,0.586
2025-12-03 15:00:00,647.792,0.590
2025-12-03 16:00:00,648.386,0.594
2025-12-03 17:00:00,648.985,0.599
2025-12-03 18:00:00,649.588,0.604
2025-12-03 19:00:00,650.197,0.608
2025-12-03 20:00:00,650.810,0.613
2025-12-03 21:00:00,651.429,0.619
2025-12-03 22:00:00,652.053,0.624
2025-12-03 23:00:00,652.682,0.629
2025-12-04 00:00:00,653.317,0.635
2025-12-04 01:00:00,653.958,0.641
2025-12-04 02:00:00,654.604,0.647
2025-12-04 03:00:00,655.257,0.653
2025-12-04 04:00:00,655.916,0.659
2025-12-04 05:00:00,656.581,0.665
2025-12-04 06:00:00,657.253,0.672
2025-12-04 07:00:00,657.931,0.678
2025-12-04 08:00:00,658.616,0.685
2025-12-04 09:00:00,659.308,0.692
2025-12-04 10:00:00,660.007,0.699
2025-12-04 11:00:00,660.711,0.704
2025-12-04 12:00:00,661.420,0.709
2025-12-04 13:00:00,662.133,0.713
2025-12-04 14:00:00,662.848,0.715
2025-12-04 15:00:00,663.565,0.717
2025-12-04 16:00:00,664.282,0.717
2025-12-04 17:00:00,664.999,0.717
2025-12-04 18:00:00,665.714,0.715
2025-12-04 19:00:00,666.427,0.713
2025-12-04 20:00:00,667.136,0.709
2025-12-04 21:00:00,667.841,0.705
2025-12-04 22:00:00,668.540,0.699
2025-12-04 23:00:00,669.234,0.694
2025-12-05 00:00:00,669.922,0.688
2025-12-05 01:00:00,670.604,0.682
2025-12-05 02:00:00,671.280,0.676
2025-12-05 03:00:00,671.951,0.671
2025-12-05 04:00:00,672.616,0.665
2025-12-05 05:00:00,673.276,0.660
2025-12-05 06:00:00,673.930,0.654
2025-12-05 07:00:00,674.579,0.649
2025-12-05 08:00:00,675.222,0.643
2025-12-05 09:00:00,675.861,0.638
2025-12-05 10:00:00,676.493,0.633
2025-12-05 11:00:00,677.121,0.628
2025-12-05 12:00:00,677.744,0.623
2025-12-05 13:00:00,678.361,0.617
2025-12-05 14:00:00,678.973,0.612
2025-12-05 15:00:00,679.581,0.607
2025-12-05 16:00:00,680.183,0.602
2025-12-05 17:00:00,680.781,0.597
2025-12-05 18:00:00,681.373,0.593
2025-12-05 19:00:00,681.961,0.588
2025-12-05 20:00:00,682.544,0.583
2025-12-05 21:00:00,683.122,0.578
2025-12-05 22:00:00,683.696,0.574
2025-12-05 23:00:00,684.264,0.569
2025-12-06 00:00:00,684.829,0.564
2025-12-06 01:00:00,685.389,0.560
2025-12-06 02:00:00,685.944,0.555
2025-12-06 03:00:00,686.495,0.551
2025-12-06 04:00:00,687.041,0.547
2025-12-06 05:00:00,687.584,0.542
2025-12-06 06:00:00,688.122,0.538
2025-12-06 07:00:00,688.655,0.534
2025-12-06 08:00:00,689.185,0.529
2025-12-06 09:00:00,689.710,0.525
2025-12-06 10:00:00,690.231,0.521
2025-12-06 11:00:00,690.749,0.517
2025-12-06 12:00:00,691.262,0.513
2025-12-06 13:00:00,691.771,0.509
2025-12-06 14:00:00,692.277,0.505
2025-12-06 15:00:00,692.778,0.502
2025-12-06 16:00:00,693.276,0.498
2025-12-06 17:00:00,693.770,0.494
2025-12-06 18:00:00,694.260,0.490
2025-12-06 19:00:00,694.747,0.487
2025-12-06 20:00:00,695.230,0.483
2025-12-06 21:00:00,695.710,0.480
2025-12-06 22:00:00,696.186,0.476
2025-12-06 23:00:00,696.658,0.473
2025-12-07 00:00:00,697.127,0.469
2025-12-07 01:00:00,697.593,0.466
2025-12-07 02:00:00,698.056,0.463
2025-12-07 03:00:00,698.515,0.459
2025-12-07 04:00:00,698.971,0.456
2025-12-07 05:00:00,699.424,0.453
2025-12-07 06:00:00,699.874,0.450
2025-12-07 07:00:00,700.321,0.447
2025-12-07 08:00:00,700.764,0.444
2025-12-07 09:00:00,701.205,0.441
2025-12-07 10:00:00,701.643,0.438
2025-12-07 11:00:00,702.078,0.435
2025-12-07 12:00:00,702.510,0.432
2025-12-07 13:00:00,702.940,0.429
2025-12-07 14:00:00,703.367,0.427
2025-12-07 15:00:00,703.791,0.424
2025-12-07 16:00:00,704.212,0.421
2025-12-07 17:00:00,704.631,0.419
2025-12-07 18:00:00,705.047,0.416
2025-12-07 19:00:00,705.461,0.414
2025-12-07 20:00:00,705.873,0.411
2025-12-07 21:00:00,706.282,0.409
2025-12-07 22:00:00,706.689,0.407
2025-12-07 23:00:00,707.093,0.405
2025-12-08 00:00:00,707.495,0.402
2025-12-08 01:00:00,707.895,0.400
2025-12-08 02:00:00,708.293,0.398
2025-12-08 03:00:00,708.689,0.396
2025-12-08 04:00:00,709.083,0.394
2025-12-08 05:00:00,709.475,0.392
2025-12-08 06:00:00,709.865,0.390
2025-12-08 07:00:00,710.253,0.388
2025-12-08 08:00:00,710.639,0.386
2025-12-08 09:00:00,711.024,0.384
2025-12-08 10:00:00,711.407,0.383
2025-12-08 11:00:00,711.788,0.381
2025-12-08 12:00:00,712.167,0.379
2025-12-08 13:00:00,712.545,0.378
2025-12-08 14:00:00,712.921,0.376
2025-12-08 15:00:00,713.296,0.375
2025-12-08 16:00:00,713.669,0.373
2025-12-08 17:00:00,714.041,0.372
2025-12-08 18:00:00,714.412,0.371
2025-12-08 19:00:00,714.781,0.369
2025-12-08 20:00:00,715.150,0.368
2025-12-08 21:00:00,715.516,0.367
2025-12-08 22:00:00,715.882,0.366
2025-12-08 23:00:00,716.247,0.365
2025-12-09 00:00:00,716.611,0.364
2025-12-09 01:00:00,716.973,0.363
2025-12-09 02:00:00,717.335,0.362
2025-12-09 03:00:00,717.696,0.361
2025-12-09 04:00:00,718.056,0.360
2025-12-09 05:00:00,718.415,0.359
2025-12-09 06:00:00,718.773,0.358
2025-12-09 07:00:00,719.131,0.358
2025-12-09 08:00:00,719.488,0.357
2025-12-09 09:00:00,719.844,0.356
2025-12-09 10:00:00,720.200,0.356
2025-12-09 11:00:00,720.555,0.355
2025-12-09 12:00:00,720.910,0.355
2025-12-09 13:00:00,721.265,0.354
2025-12-09 14:00:00,721.619,0.354
2025-12-09 15:00:00,721.973,0.354
2025-12-09 16:00:00,722.326,0.354
2025-12-09 17:00:00,722.679,0.353
2025-12-09 18:00:00,723.033,0.353
2025-12-09 19:00:00,723.386,0.353
2025-12-09 20:00:00,723.739,0.353
2025-12-09 21:00:00,724.092,0.353
2025-12-09 22:00:00,724.445,0.353
2025-12-09 23:00:00,724.798,0.353
2025-12-10 00:00:00,725.151,0.353
2025-12-10 01:00:00,725.504,0.353
2025-12-10 02:00:00,725.858,0.354
2025-12-10 03:00:00,726.212,0.354
2025-12-10 04:00:00,726.566,0.354
2025-12-10 05:00:00,726.921,0.355
2025-12-10 06:00:00,727.276,0.355
2025-12-10 07:00:00,727.631,0.355
2025-12-10 08:00:00,727.987,0.356
2025-12-10 09:00:00,728.344,0.357
2025-12-10 10:00:00,728.701,0.357
2025-12-10 11:00:00,729.059,0.358
2025-12-10 12:00:00,729.417,0.359
2025-12-10 13:00:00,729.777,0.359
2025-12-10 14:00:00,730.137,0.360
2025-12-10 15:00:00,730.498,0.361
2025-12-10 16:00:00,730.860,0.362
2025-12-10 17:00:00,731.223,0.363
2025-12-10 18:00:00,731.587,0.364
2025-12-10 19:00:00,731.952,0.365
2025-12-10 20:00:00,732.318,0.366
2025-12-10 21:00:00,732.685,0.367
2025-12-10 22:00:00,733.053,0.368
2025-12-10 23:00:00,733.423,0.370
2025-12-11 00:00:00,733.794,0.371
2025-12-11 01:00:00,734.167,0.372
2025-12-11 02:00:00,734.540,0.374
2025-12-11 03:00:00,734.916,0.375
2025-12-11 04:00:00,735.292,0.377
2025-12-11 05:00:00,735.671,0.378
2025-12-11 06:00:00,736.051,0.380
2025-12-11 07:00:00,736.432,0.382
2025-12-11 08:00:00,736.815,0.383
2025-12-11 09:00:00,737.200,0.385
2025-12-11 10:00:00,737.587,0.387
2025-12-11 11:00:00,737.976,0.389
2025-12-11 12:00:00,738.366,0.391
2025-12-11 13:00:00,738.759,0.392
2025-12-11 14:00:00,739.153,0.394
2025-12-11 15:00:00,739.550,0.396
2025-12-11 16:00:00,739.948,0.398
2025-12-11 17:00:00,740.349,0.400
2025-12-11 18:00:00,740.751,0.402
2025-12-11 19:00:00,741.156,0.404
2025-12-11 20:00:00,741.562,0.406
2025-12-11 21:00:00,741.971,0.408
2025-12-11 22:00:00,742.381,0.410
2025-12-11 23:00:00,742.793,0.412
2025-12-12 00:00:00,743.208,0.414
2025-12-12 01:00:00,743.624,0.416
2025-12-12 02:00:00,744.042,0.418
2025-12-12 03:00:00,744.462,0.420
2025-12-12 04:00:00,744.885,0.422
2025-12-12 05:00:00,745.309,0.424
2025-12-12 06:00:00,745.735,0.426
2025-12-12 07:00:00,746.163,0.428
2025-12-12 08:00:00,746.593,0.430
2025-12-12 09:00:00,747.025,0.432
2025-12-12 10:00:00,747.459,0.434
2025-12-12 11:00:00,747.895,0.436
2025-12-12 12:00:00,748.332,0.438
2025-12-12 13:00:00,748.772,0.440
2025-12-12 14:00:00,749.214,0.442
2025-12-12 15:00:00,749.657,0.444
2025-12-12 16:00:00,750.103,0.445
2025-12-12 17:00:00,750.550,0.447
2025-12-12 18:00:00,750.999,0.449
2025-12-12 19:00:00,751.451,0.451
2025-12-12 20:00:00,751.904,0.453
2025-12-12 21:00:00,752.359,0.455
2025-12-12 22:00:00,752.816,0.457
2025-12-12 23:00:00,753.275,0.459
2025-12-13 00:00:00,753.736,0.461
2025-12-13 01:00:00,754.198,0.463
2025-12-13 02:00:00,754.663,0.465
2025-12-13 03:00:00,755.129,0.466
2025-12-13 04:00:00,755.598,0.468
2025-12-13 05:00:00,756.068,0.470
2025-12-13 06:00:00,756.540,0.472
2025-12-13 07:00:00,757.014,0.474
2025-12-13 08:00:00,757.490,0.476
2025-12-13 09:00:00,757.968,0.478
2025-12-13 10:00:00,758.447,0.480
2025-12-13 11:00:00,758.929,0.481
2025-12-13 12:00:00,759.412,0.483
2025-12-13 13:00:00,759.897,0.485
2025-12-13 14:00:00,760.384,0.487
2025-12-13 15:00:00,760.873,0.489
2025-12-13 16:00:00,761.364,0.491
2025-12-13 17:00:00,761.857,0.493
2025-12-13 18:00:00,762.351,0.494
2025-12-13 19:00:00,762.848,0.496
2025-12-13 20:00:00,763.346,0.498
2025-12-13 21:00:00,763.846,0.500
2025-12-13 22:00:00,764.348,0.502
2025-12-13 23:00:00,764.851,0.504
2025-12-14 00:00:00,765.357,0.506
2025-12-14 01:00:00,765.864,0.507
2025-12-14 02:00:00,766.373,0.509
2025-12-14 03:00:00,766.884,0.511
2025-12-14 04:00:00,767.397,0.513
2025-12-14 05:00:00,767.912,0.515
2025-12-14 06:00:00,768.428,0.516
2025-12-14 07:00:00,768.946,0.518
2025-12-14 08:00:00,769.466,0.520
2025-12-14 09:00:00,769.988,0.522
2025-12-14 10:00:00,770.512,0.524
2025-12-14 11:00:00,771.037,0.525
2025-12-14 12:00:00,771.565,0.527
2025-12-14 13:00:00,772.094,0.529
2025-12-14 14:00:00,772.624,0.531
2025-12-14 15:00:00,773.157,0.533
2025-12-14 16:00:00,773.691,0.534
2025-12-14 17:00:00,774.228,0.536
2025-12-14 18:00:00,774.765,0.538
2025-12-14 19:00:00,775.305,0.540
2025-12-14 20:00:00,775.847,0.541
2025-12-14 21:00:00,776.390,0.543
2025-12-14 22:00:00,776.935,0.545
2025-12-14 23:00:00,777.481,0.547
2025-12-15 00:00:00,778.030,0.548
2025-12-15 01:00:00,778.579,0.550
2025-12-15 02:00:00,779.131,0.551
2025-12-15 03:00:00,779.683,0.553
2025-12-15 04:00:00,780.238,0.554
2025-12-15 05:00:00,780.793,0.556
2025-12-15 06:00:00,781.350,0.557
2025-12-15 07:00:00,781.908,0.558
2025-12-15 08:00:00,782.468,0.559
2025-12-15 09:00:00,783.028,0.561
2025-12-15 10:00:00,783.590,0.562
2025-12-15 11:00:00,784.153,0.563
2025-12-15 12:00:00,784.717,0.564
2025-12-15 13:00:00,785.282,0.565
2025-12-15 14:00:00,785.848,0.566
2025-12-15 15:00:00,786.415,0.567
2025-12-15 16:00:00,786.983,0.568
2025-12-15 17:00:00,787.552,0.569
2025-12-15 18:00:00,788.122,0.570
2025-12-15 19:00:00,788.692,0.570
2025-12-15 20:00:00,789.263,0.571
2025-12-15 21:00:00,789.835,0.572
2025-12-15 22:00:00,790.407,0.572
2025-12-15 23:00:00,790.980,0.573
2025-12-16 00:00:00,791.554,0.574
2025-12-16 01:00:00,792.128,0.574
2025-12-16 02:00:00,792.702,0.574
2025-12-16 03:00:00,793.277,0.575
2025-12-16 04:00:00,793.852,0.575
2025-12-16 05:00:00,794.428,0.576
2025-12-16 06:00:00,795.004,0.576
2025-12-16 07:00:00,795.580,0.576
2025-12-16 08:00:00,796.156,0.576
2025-12-16 09:00:00,796.732,0.576
2025-12-16 10:00:00,797.309,0.576
2025-12-16 11:00:00,797.885,0.577
2025-12-16 12:00:00,798.462,0.577
2025-12-16 13:00:00,799.038,0.577
2025-12-16 14:00:00,799.615,0.576
2025-12-16 15:00:00,800.191,0.576
2025-12-16 16:00:00,800.767,0.576
2025-12-16 17:00:00,801.343,0.576
2025-12-16 18:00:00,801.919,0.576
2025-12-16 19:00:00,802.494,0.575
2025-12-16 20:00:00,803.069,0.575
2025-12-16 21:00:00,803.644,0.575
2025-12-16 22:00:00,804.218,0.574
2025-12-16 23:00:00,804.792,0.574
2025-12-17 00:00:00,805.365,0.573
2025-12-17 01:00:00,805.937,0.573
2025-12-17 02:00:00,806.509,0.572
2025-12-17 03:00:00,807.081,0.571
2025-12-17 04:00:00,807.651,0.571
2025-12-17 05:00:00,808.221,0.570
2025-12-17 06:00:00,808.790,0.569
2025-12-17 07:00:00,809.359,0.568
2025-12-17 08:00:00,809.926,0.567
2025-12-17 09:00:00,810.492,0.566
2025-12-17 10:00:00,811.058,0.565
2025-12-17 11:00:00,811.622,0.564
2025-12-17 12:00:00,812.186,0.563
2025-12-17 13:00:00,812.748,0.562
2025-12-17 14:00:00,813.309,0.561
2025-12-17 15:00:00,813.869,0.560
2025-12-17 16:00:00,814.428,0.559
2025-12-17 17:00:00,814.985,0.557
2025-12-17 18:00:00,815.541,0.556
2025-12-17 19:00:00,816.096,0.555
2025-12-17 20:00:00,816.649,0.553
2025-12-17 21:00:00,817.201,0.552
2025-12-17 22:00:00,817.751,0.550
2025-12-17 23:00:00,818.300,0.549
2025-12-18 00:00:00,818.847,0.547
2025-12-18 01:00:00,819.393,0.546
2025-12-18 02:00:00,819.937,0.544
2025-12-18 03:00:00,820.479,0.542
2025-12-18 04:00:00,821.019,0.540
2025-12-18 05:00:00,821.558,0.539
2025-12-18 06:00:00,822.094,0.537
2025-12-18 07:00:00,822.629,0.535
2025-12-18 08:00:00,823.162,0.533
2025-12-18 09:00:00,823.693,0.531
2025-12-18 10:00:00,824.221,0.529
2025-12-18 11:00:00,824.748,0.527
2025-12-18 12:00:00,825.273,0.525
2025-12-18 13:00:00,825.795,0.522
2025-12-18 14:00:00,826.315,0.520
2025-12-18 15:00:00,826.833,0.518
2025-12-18 16:00:00,827.349,0.516
2025-12-18 17:00:00,827.862,0.513
2025-12-18 18:00:00,828.373,0.511
2025-12-18 19:00:00,828.881,0.508
2025-12-18 20:00:00,829.387,0.506
2025-12-18 21:00:00,829.891,0.503
2025-12-18 22:00:00,830.391,0.501
2025-12-18 23:00:00,830.890,0.498
2025-12-19 00:00:00,831.385,0.496
2025-12-19 01:00:00,831.878,0.493
2025-12-19 02:00:00,832.368,0.490
2025-12-19 03:00:00,832.855,0.487
2025-12-19 04:00:00,833.339,0.484
2025-12-19 05:00:00,833.819,0.481
2025-12-19 06:00:00,834.297,0.478
2025-12-19 07:00:00,834.771,0.474
2025-12-19 08:00:00,835.242,0.471
2025-12-19 09:00:00,835.709,0.467
2025-12-19 10:00:00,836.173,0.464
2025-12-19 11:00:00,836.633,0.460
2025-12-19 12:00:00,837.090,0.456
2025-12-19 13:00:00,837.542,0.453
2025-12-19 14:00:00,837.991,0.449
2025-12-19 15:00:00,838.435,0.445
2025-12-19 16:00:00,838.876,0.441
2025-12-19 17:00:00,839.312,0.436
2025-12-19 18:00:00,839.744,0.432
2025-12-19 19:00:00,840.172,0.428
2025-12-19 20:00:00,840.595,0.423
2025-12-19 21:00:00,841.014,0.419
2025-12-19 22:00:00,841.428,0.414
2025-12-19 23:00:00,841.837,0.409
2025-12-20 00:00:00,842.242,0.405
2025-12-20 01:00:00,842.642,0.400
2025-12-20 02:00:00,843.039,0.396
2025-12-20 03:00:00,843.431,0.393
2025-12-20 04:00:00,843.820,0.389
2025-12-20 05:00:00,844.206,0.386
2025-12-20 06:00:00,844.589,0.383
2025-12-20 07:00:00,844.969,0.380
2025-12-20 08:00:00,845.346,0.377
2025-12-20 09:00:00,845.721,0.375
2025-12-20 10:00:00,846.095,0.373
2025-12-20 11:00:00,846.466,0.371
2025-12-20 12:00:00,846.836,0.370
2025-12-20 13:00:00,847.205,0.369
2025-12-20 14:00:00,847.573,0.368
2025-12-20 15:00:00,847.940,0.367
2025-12-20 16:00:00,848.306,0.367
2025-12-20 17:00:00,848.673,0.367
2025-12-20 18:00:00,849.040,0.367
2025-12-20 19:00:00,849.407,0.367
2025-12-20 20:00:00,849.774,0.368
2025-12-20 21:00:00,850.142,0.368
2025-12-20 22:00:00,850.512,0.370
2025-12-20 23:00:00,850.883,0.371
2025-12-21 00:00:00,851.257,0.373
2025-12-21 01:00:00,851.633,0.376
2025-12-21 02:00:00,852.012,0.379
2025-12-21 03:00:00,852.395,0.383
2025-12-21 04:00:00,852.782,0.387
2025-12-21 05:00:00,853.174,0.392
2025-12-21 06:00:00,853.572,0.397
2025-12-21 07:00:00,853.975,0.403
2025-12-21 08:00:00,854.385,0.410
2025-12-21 09:00:00,854.801,0.417
2025-12-21 10:00:00,855.225,0.424
2025-12-21 11:00:00,855.657,0.432
2025-12-21 12:00:00,856.098,0.440
2025-12-21 13:00:00,856.547,0.449
2025-12-21 14:00:00,857.006,0.459
2025-12-21 15:00:00,857.475,0.469
2025-12-21 16:00:00,857.955,0.480
2025-12-21 17:00:00,858.445,0.491
2025-12-21 18:00:00,858.947,0.502
2025-12-21 19:00:00,859.462,0.514
2025-12-21 20:00:00,859.989,0.527
2025-12-21 21:00:00,860.529,0.540
2025-12-21 22:00:00,861.083,0.554
2025-12-21 23:00:00,861.651,0.568
2025-12-22 00:00:00,862.233,0.582
2025-12-22 01:00:00,862.829,0.596
2025-12-22 02:00:00,863.439,0.610
2025-12-22 03:00:00,864.063,0.624
2025-12-22 04:00:00,864.701,0.638
2025-12-22 05:00:00,865.353,0.652
2025-12-22 06:00:00,866.019,0.666
2025-12-22 07:00:00,866.698,0.679
2025-12-22 08:00:00,867.391,0.693
2025-12-22 09:00:00,868.098,0.707
2025-12-22 10:00:00,868.819,0.721
2025-12-22 11:00:00,869.553,0.734
2025-12-22 12:00:00,870.301,0.748
2025-12-22 13:00:00,871.063,0.761
2025-12-22 14:00:00,871.838,0.775
2025-12-22 15:00:00,872.626,0.788
2025-12-22 16:00:00,873.428,0.802
2025-12-22 17:00:00,874.243,0.815
2025-12-22 18:00:00,875.072,0.829
2025-12-22 19:00:00,875.914,0.842
2025-12-22 20:00:00,876.769,0.855
2025-12-22 21:00:00,877.637,0.868
2025-12-22 22:00:00,878.519,0.882
2025-12-22 23:00:00,879.414,0.895
2025-12-23 00:00:00,880.321,0.907
2025-12-23 01:00:00,881.240,0.919
2025-12-23 02:00:00,882.169,0.929
2025-12-23 03:00:00,883.107,0.938
2025-12-23 04:00:00,884.054,0.946
2025-12-23 05:00:00,885.007,0.953
2025-12-23 06:00:00,885.966,0.959
2025-12-23 07:00:00,886.930,0.964
2025-12-23 08:00:00,887.897,0.967
2025-12-23 09:00:00,888.867,0.970
2025-12-23 10:00:00,889.838,0.971
2025-12-23 11:00:00,890.809,0.971
2025-12-23 12:00:00,891.779,0.970
2025-12-23 13:00:00,892.747,0.968
2025-12-23 14:00:00,893.711,0.964
2025-12-23 15:00:00,894.671,0.960
2025-12-23 16:00:00,895.625,0.954
2025-12-23 17:00:00,896.573,0.948
2025-12-23 18:00:00,897.513,0.940
2025-12-23 19:00:00,898.444,0.931
2025-12-23 20:00:00,899.368,0.923
2025-12-23 21:00:00,900.283,0.916
2025-12-23 22:00:00,901.191,0.908
2025-12-23 23:00:00,902.092,0.901
2025-12-24 00:00:00,902.985,0.893
2025-12-24 01:00:00,903.872,0.887
2025-12-24 02:00:00,904.752,0.880
2025-12-24 03:00:00,905.625,0.873
2025-12-24 04:00:00,906.492,0.867
2025-12-24 05:00:00,907.353,0.861
2025-12-24 06:00:00,908.209,0.855
2025-12-24 07:00:00,909.058,0.850
2025-12-24 08:00:00,909.903,0.844
2025-12-24 09:00:00,910.742,0.839
2025-12-24 10:00:00,911.576,0.834
2025-12-24 11:00:00,912.406,0.830
2025-12-24 12:00:00,913.231,0.825
2025-12-24 13:00:00,914.053,0.821
2025-12-24 14:00:00,914.870,0.817
2025-12-24 15:00:00,915.683,0.813
2025-12-24 16:00:00,916.493,0.810
2025-12-24 17:00:00,917.299,0.806
2025-12-24 18:00:00,918.102,0.803
2025-12-24 19:00:00,918.903,0.800
2025-12-24 20:00:00,919.701,0.798
2025-12-24 21:00:00,920.496,0.795
2025-12-24 22:00:00,921.289,0.793
2025-12-24 23:00:00,922.081,0.791
2025-12-25 00:00:00,922.870,0.790
2025-12-25 01:00:00,923.658,0.788
2025-12-25 02:00:00,924.445,0.787
2025-12-25 03:00:00,925.230,0.786
2025-12-25 04:00:00,926.015,0.785
2025-12-25 05:00:00,926.799,0.784
2025-12-25 06:00:00,927.583,0.784
2025-12-25 07:00:00,928.367,0.784
2025-12-25 08:00:00,929.151,0.784
2025-12-25 09:00:00,929.935,0.784
2025-12-25 10:00:00,930.719,0.785
2025-12-25 11:00:00,931.504,0.785
2025-12-25 12:00:00,932.291,0.786
2025-12-25 13:00:00,933.078,0.787
2025-12-25 14:00:00,933.867,0.789
2025-12-25 15:00:00,934.657,0.790
2025-12-25 16:00:00,935.450,0.792
2025-12-25 17:00:00,936.244,0.794
2025-12-25 18:00:00,937.041,0.797
2025-12-25 19:00:00,937.840,0.799
2025-12-25 20:00:00,938.642,0.802
2025-12-25 21:00:00,939.447,0.805
2025-12-25 22:00:00,940.255,0.808
2025-12-25 23:00:00,941.067,0.812
2025-12-26 00:00:00,941.882,0.815
2025-12-26 01:00:00,942.702,0.819
2025-12-26 02:00:00,943.525,0.823
2025-12-26 03:00:00,944.353,0.828
2025-12-26 04:00:00,945.185,0.832
2025-12-26 05:00:00,946.022,0.837
2025-12-26 06:00:00,946.864,0.842
2025-12-26 07:00:00,947.712,0.847
2025-12-26 08:00:00,948.565,0.853
2025-12-26 09:00:00,949.423,0.859
2025-12-26 10:00:00,950.288,0.864
2025-12-26 11:00:00,951.158,0.871
2025-12-26 12:00:00,952.035,0.877
2025-12-26 13:00:00,952.919,0.884
2025-12-26 14:00:00,953.809,0.890
2025-12-26 15:00:00,954.707,0.897
2025-12-26 16:00:00,955.611,0.905
2025-12-26 17:00:00,956.524,0.912
2025-12-26 18:00:00,957.444,0.920
2025-12-26 19:00:00,958.372,0.928
2025-12-26 20:00:00,959.308,0.936
2025-12-26 21:00:00,960.252,0.945
2025-12-26 22:00:00,961.205,0.953
2025-12-26 23:00:00,962.167,0.962
2025-12-27 00:00:00,963.138,0.971
2025-12-27 01:00:00,964.119,0.980
2025-12-27 02:00:00,965.109,0.990
2025-12-27 03:00:00,966.108,1.000
2025-12-27 04:00:00,967.118,1.010
2025-12-27 05:00:00,968.138,1.020
2025-12-27 06:00:00,969.168,1.030
2025-12-27 07:00:00,970.209,1.041
